Workbook

Sheet Active Contracts
A1: Player | B1: Tm | C1: 2025-26 | D1: 2026-27 | E1: 2027-28 | F1: 2028-29 | G1: 2029-30 | H1: 2030-31 | I1: Guaranteed | J1: Yrs Left | K1: bbref_id
A2: Stephen Curry | B2: GSW | C2: 59606817 | D2: 62587158 | I2: 122193975 | J2: 2 | K2: curryst01
A3: Joel Embiid | B3: PHI | C3: 55224526 | D3: 58100000 | E3: 62748000 | F3: 67396000 | I3: 176072526 | J3: 4 | K3: embiijo01
A4: Nikola Jokić | B4: DEN | C4: 55224526 | D4: 59033114 | E4: 62841702 | I4: 114257640 | J4: 3 | K4: jokicni01
A5: Kevin Durant | B5: HOU | C5: 54708609 | D5: 43902439 | E5: 46097561 | I5: 98611048 | J5: 3 | K5: duranke01
A6: Jayson Tatum | B6: BOS | C6: 54126450 | D6: 58456566 | E6: 62786682 | F6: 67116798 | G6: 71446914 | I6: 242486496 | J6: 5 | K6: tatumja01
A7: Jimmy Butler | B7: GSW | C7: 54126450 | D7: 56832773 | I7: 110959223 | J7: 2 | K7: butleji01
A8: Giannis Antetokounmpo | B8: MIL | C8: 54126450 | D8: 58456566 | E8: 62786682 | I8: 112583016 | J8: 3 | K8: antetgi01
A9: Anthony Davis | B9: WAS | C9: 54126450 | D9: 58456566 | E9: 62786682 | I9: 112583016 | J9: 3 | K9: davisan02
A10: Devin Booker | B10: PHO | C10: 53142264 | D10: 57078728 | E10: 61015192 | F10: 64065952 | G10: 69191228 | I10: 235302136 | J10: 5 | K10: bookede01
A11: Karl-Anthony Towns | B11: NYK | C11: 53142264 | D11: 57078728 | E11: 61015192 | I11: 110220992 | J11: 3 | K11: townska01
A12: Jaylen Brown | B12: BOS | C12: 53142264 | D12: 57078728 | E12: 61015192 | F12: 64951656 | I12: 236187840 | J12: 4 | K12: brownja02
A13: LeBron James | B13: LAL | C13: 52627153 | I13: 52627153 | J13: 1 | K13: jamesle01
A14: Paul George | B14: PHI | C14: 51666090 | D14: 54126380 | E14: 56586670 | I14: 105792470 | J14: 3 | K14: georgpa01
A15: Kawhi Leonard | B15: LAC | C15: 50000000 | D15: 50300000 | I15: 100300000 | J15: 2 | K15: leonaka01
A16: Zach LaVine | B16: SAC | C16: 47499660 | D16: 48967380 | I16: 47499660 | J16: 2 | K16: lavinza01
A17: Donovan Mitchell | B17: CLE | C17: 46394100 | D17: 50105628 | E17: 53817156 | I17: 96499728 | J17: 3 | K17: mitchdo01
A18: Cade Cunningham | B18: DET | C18: 46394100 | D18: 50105628 | E18: 53817156 | F18: 57528684 | G18: 61240212 | I18: 269085780 | J18: 5 | K18: cunnica01
A19: Trae Young | B19: WAS | C19: 46394100 | D19: 48967380 | I19: 46394100 | J19: 2 | K19: youngtr01
A20: Lauri Markkanen | B20: UTA | C20: 46394100 | D20: 46113154 | E20: 49824681 | F20: 53536209 | I20: 195868144 | J20: 4 | K20: markkla01
A21: Jamal Murray | B21: DEN | C21: 46394100 | D21: 50105628 | E21: 53817156 | F21: 57528684 | I21: 207845568 | J21: 4 | K21: murraja01
A22: Evan Mobley | B22: CLE | C22: 46394100 | D22: 50105628 | E22: 53817156 | F22: 57528684 | G22: 61240212 | I22: 269085780 | J22: 5 | K22: mobleev01
A23: Luka Dončić | B23: LAL | C23: 45999660 | D23: 49800000 | E23: 53784000 | F23: 57768000 | I23: 149583660 | J23: 4 | K23: doncilu01
A24: Anthony Edwards | B24: MIN | C24: 45550512 | D24: 48924624 | E24: 52298736 | F24: 55672848 | I24: 202446720 | J24: 4 | K24: edwaran01
A25: Pascal Siakam | B25: IND | C25: 45550512 | D25: 48924624 | E25: 52298736 | I25: 146773872 | J25: 3 | K25: siakapa01
A26: Tyrese Haliburton | B26: IND | C26: 45550512 | D26: 48924624 | E26: 52298736 | F26: 55672848 | I26: 202446720 | J26: 4 | K26: halibty01
A27: Domantas Sabonis | B27: SAC | C27: 42336000 | D27: 45472000 | E27: 48608000 | I27: 136416000 | J27: 3 | K27: sabondo01
A28: OG Anunoby | B28: NYK | C28: 39568966 | D28: 42500000 | E28: 45431034 | F28: 48362068 | I28: 127500000 | J28: 4 | K28: anunoog01
A29: Zion Williamson | B29: NOP | C29: 39446090 | D29: 42166510 | E29: 44886930 | I29: 126499530 | J29: 3 | K29: willizi01
A30: Ja Morant | B30: MEM | C30: 39446090 | D30: 42166510 | E30: 44886930 | I30: 126499530 | J30: 3 | K30: moranja01
A31: Darius Garland | B31: LAC | C31: 39446090 | D31: 42166510 | E31: 44886930 | I31: 126499530 | J31: 3 | K31: garlada01
A32: James Harden | B32: CLE | C32: 39182693 | D32: 42317307 | J32: 2 | K32: hardeja01
A33: Scottie Barnes | B33: TOR | C33: 38661750 | D33: 41754690 | E33: 44847630 | F33: 47940570 | G33: 51033510 | I33: 224238150 | J33: 5 | K33: barnesc01
A34: Franz Wagner | B34: ORL | C34: 38661750 | D34: 41754690 | E34: 44847630 | F34: 47940570 | G34: 51033510 | I34: 224238150 | J34: 5 | K34: wagnefr01
A35: Shai Gilgeous-Alexander | B35: OKC | C35: 38333050 | D35: 40806150 | E35: 61005000 | F35: 65885400 | G35: 70765800 | H35: 75646200 | I35: 276795400 | J35: 6 | K35: gilgesh01
A36: Michael Porter Jr. | B36: BRK | C36: 38333050 | D36: 40806150 | I36: 50333050 | J36: 2 | K36: portemi01
A37: Brandon Ingram | B37: TOR | C37: 38095238 | D37: 40000000 | E37: 41904762 | I37: 78095238 | J37: 3 | K37: ingrabr01
A38: Tyrese Maxey | B38: PHI | C38: 37958760 | D38: 40770520 | E38: 43582280 | F38: 46394040 | I38: 168705600 | J38: 4 | K38: maxeyty01
A39: LaMelo Ball | B39: CHO | C39: 37958760 | D39: 40770520 | E39: 43582280 | F39: 46394040 | I39: 168705600 | J39: 4 | K39: ballla01
A40: De'Aaron Fox | B40: SAS | C40: 37096620 | D40: 49800000 | E40: 53784000 | F40: 57768000 | G40: 61752000 | I40: 260200620 | J40: 5 | K40: foxde01
A41: Bam Adebayo | B41: MIA | C41: 37096620 | D41: 49800000 | E41: 53784000 | F41: 57768000 | I41: 140680620 | J41: 4 | K41: adebaba01
A42: Desmond Bane | B42: ORL | C42: 36725670 | D42: 39446090 | E42: 42166510 | F42: 44886930 | I42: 163225200 | J42: 4 | K42: banede01
A43: Damian Lillard | B43: MIL | C43: 36620603 | D43: 35915403 | E43: 36620603 | F43: 22516603 | G43: 22516603 | I43: 112583015 | J43: 5 | K43: lillada01
A44: Kyrie Irving | B44: DAL | C44: 36566002 | D44: 39491282 | E44: 42416562 | I44: 76057284 | J44: 3 | K44: irvinky01
A45: Jalen Suggs | B45: ORL | C45: 35000000 | D45: 32400000 | E45: 29600000 | F45: 26800000 | G45: 26700000 | I45: 123800000 | J45: 5 | K45: suggsja01
A46: Jaren Jackson Jr. | B46: UTA | C46: 35000000 | D46: 49000000 | E46: 50500000 | F46: 52000000 | G46: 53500000 | I46: 186500000 | J46: 5 | K46: jacksja02
A47: Rudy Gobert | B47: MIN | C47: 35000000 | D47: 36500000 | E47: 38000000 | I47: 71500000 | J47: 3 | K47: goberru01
A48: Jalen Brunson | B48: NYK | C48: 34944001 | D48: 37739521 | E48: 40535041 | F48: 43330561 | I48: 113218563 | J48: 4 | K48: brunsja01
A49: Alperen Şengün | B49: HOU | C49: 33944954 | D49: 35642202 | E49: 37339450 | F49: 39036697 | G49: 39036697 | I49: 145963303 | J49: 5 | K49: sengual01
A50: Deandre Ayton | B50: POR | C50: 33654814 | D50: 8104000 | I50: 25550814 | J50: 2 | K50: aytonde01
A51: Jalen Green | B51: PHO | C51: 33584499 | D51: 36251166 | E51: 36000000 | I51: 69835665 | J51: 3 | K51: greenja05
A52: Khris Middleton | B52: DAL | C52: 33296296 | I52: 33296296 | J52: 1 | K52: middlkh01
A53: Immanuel Quickley | B53: TOR | C53: 32500000 | D53: 32500000 | E53: 32500000 | F53: 32500000 | I53: 130000000 | J53: 4 | K53: quickim01
A54: Jrue Holiday | B54: POR | C54: 32400000 | D54: 34800000 | E54: 37200000 | I54: 67200000 | J54: 3 | K54: holidjr01
A55: Jerami Grant | B55: POR | C55: 32000001 | D55: 34206898 | E55: 36413790 | I55: 66206899 | J55: 3 | K55: grantje01
A56: Jordan Poole | B56: NOP | C56: 31848215 | D56: 34044642 | I56: 65892857 | J56: 2 | K56: poolejo01
A57: Tyler Herro | B57: MIA | C57: 31000000 | D57: 33000000 | I57: 64000000 | J57: 2 | K57: herroty01
A58: Julius Randle | B58: MIN | C58: 30864198 | D58: 33333334 | E58: 35802468 | I58: 64197532 | J58: 3 | K58: randlju01
A59: Dejounte Murray | B59: NOP | C59: 30801103 | D59: 32785071 | E59: 30751504 | I59: 63586174 | J59: 3 | K59: murrade01
A60: Kristaps Porziņģis | B60: GSW | C60: 30731707 | I60: 30731707 | J60: 1 | K60: porzikr01
A61: CJ McCollum | B61: ATL | C61: 30666666 | I61: 30666666 | J61: 1 | K61: mccolcj01
A62: Jalen Johnson | B62: ATL | C62: 30000000 | D62: 30000000 | E62: 30000000 | F62: 30000000 | G62: 30000000 | I62: 150000000 | J62: 5 | K62: johnsja05
A63: Isaiah Hartenstein | B63: OKC | C63: 28500000 | D63: 28500000 | I63: 28500000 | J63: 2 | K63: harteis01
A64: Andrew Wiggins | B64: MIA | C64: 28223215 | D64: 30169644 | I64: 28223215 | J64: 2 | K64: wiggian01
A65: Derrick White | B65: BOS | C65: 28100000 | D65: 30348000 | E65: 32596000 | F65: 34844000 | I65: 91044000 | J65: 4 | K65: whitede01
A66: RJ Barrett | B66: TOR | C66: 27705357 | D66: 29616071 | I66: 57321428 | J66: 2 | K66: barrerj01
A67: Anfernee Simons | B67: CHI | C67: 27678571 | I67: 27678571 | J67: 1 | K67: simonan01
A68: Devin Vassell | B68: SAS | C68: 27000000 | D68: 27000000 | E68: 24652174 | F68: 27000000 | I68: 105652174 | J68: 4 | K68: vassede01
A69: Terry Rozier | B69: MIA | C69: 26643031 | I69: 26643031 | J69: 1 | K69: roziete01
A70: Tobias Harris | B70: DET | C70: 26634146 | I70: 26634146 | J70: 1 | K70: harrito02
A71: John Collins | B71: LAC | C71: 26580000 | I71: 26580000 | J71: 1 | K71: collijo01
A72: Draymond Green | B72: GSW | C72: 25892857 | D72: 27678571 | I72: 25892857 | J72: 2 | K72: greendr01
A73: Nic Claxton | B73: BRK | C73: 25352272 | D73: 23147727 | E73: 20943184 | I73: 69443183 | J73: 3 | K73: claxtni01
A74: Myles Turner | B74: MIL | C74: 25318251 | D74: 26584164 | E74: 27850077 | F74: 29115990 | I74: 79752492 | J74: 4 | K74: turnemy01
A75: Trey Murphy III | B75: NOP | C75: 25000000 | D75: 27000000 | E75: 29000000 | F75: 31000000 | I75: 112000000 | J75: 4 | K75: murphtr02
A76: Josh Giddey | B76: CHI | C76: 25000000 | D76: 25000000 | E76: 25000000 | F76: 25000000 | I76: 100000000 | J76: 4 | K76: giddejo01
A77: Miles Bridges | B77: CHO | C77: 25000000 | D77: 22826087 | I77: 47826087 | J77: 2 | K77: bridgmi02
A78: Fred VanVleet | B78: HOU | C78: 25000000 | D78: 25000000 | I78: 25000000 | J78: 2 | K78: vanvlfr01
A79: Mikal Bridges | B79: NYK | C79: 24900000 | D79: 33482145 | E79: 36160714 | F79: 38839285 | G79: 41517856 | I79: 133382144 | J79: 5 | K79: bridgmi01
A80: Bradley Beal | B80: PHO | C80: 24737010 | D80: 25004710 | E80: 19383010 | F80: 19383010 | G80: 19383010 | I80: 96915050 | J80: 5 | K80: bealbr01
A81: DeMar DeRozan | B81: SAC | C81: 24570000 | D81: 25740000 | I81: 24570000 | J81: 2 | K81: derozde01
A82: Jaden McDaniels | B82: MIN | C82: 24393104 | D82: 26200001 | E82: 28006898 | F82: 29813790 | I82: 108413793 | J82: 4 | K82: mcdanja02
A83: Jonathan Kuminga | B83: ATL | C83: 23799569 | D83: 24300000 | I83: 23799569 | J83: 2 | K83: kuminjo01
A84: De'Andre Hunter | B84: SAC | C84: 23303571 | D84: 24910714 | I84: 48214285 | J84: 2 | K84: huntede01
A85: Aaron Gordon | B85: DEN | C85: 22841455 | D85: 33658037 | E85: 36350680 | F85: 39043323 | I85: 92850172 | J85: 4 | K85: gordoaa01
A86: Kyle Kuzma | B86: MIL | C86: 22410605 | D86: 20345152 | I86: 42755757 | J86: 2 | K86: kuzmaky01
A87: Kentavious Caldwell-Pope | B87: MEM | C87: 21621500 | D87: 21621500 | I87: 21621500 | J87: 2 | K87: caldwke01
A88: Naz Reid | B88: MIN | C88: 21551724 | D88: 23275862 | E88: 25000000 | F88: 26724138 | G88: 28448276 | I88: 96551724 | J88: 5 | K88: reidna01
A89: Nikola Vučević | B89: BOS | C89: 21481481 | I89: 21481481 | J89: 1 | K89: vucevni01
A90: Dillon Brooks | B90: PHO | C90: 21124110 | D90: 19992727 | I90: 41116837 | J90: 2 | K90: brookdi01
A91: Cameron Johnson | B91: DEN | C91: 21057065 | D91: 23062500 | I91: 44119565 | J91: 2 | K91: johnsca02
A92: Norman Powell | B92: MIA | C92: 20482758 | I92: 20482758 | J92: 1 | K92: powelno01
A93: Jarrett Allen | B93: CLE | C93: 20000000 | D93: 28000000 | E93: 30240000 | F93: 32480000 | I93: 110720000 | J93: 4 | K93: allenja01
A94: Marcus Smart | B94: WAS | C94: 19920855 | D94: 5390700 | I94: 14786855 | J94: 2 | K94: smartma01
A95: Jakob Poeltl | B95: TOR | C95: 19500000 | D95: 19500000 | E95: 27300000 | F95: 29484000 | G95: 27300000 | I95: 95784000 | J95: 5 | K95: poeltja01
A96: Josh Hart | B96: NYK | C96: 19472240 | D96: 20923760 | E96: 22375280 | I96: 40396000 | J96: 3 | K96: hartjo01
A97: Jusuf Nurkić | B97: UTA | C97: 19375000 | I97: 19375000 | J97: 1 | K97: nurkiju01
A98: Harrison Barnes | B98: SAS | C98: 19000000 | I98: 19000000 | J98: 1 | K98: barneha02
A99: Collin Sexton | B99: CHI | C99: 18975000 | I99: 18975000 | J99: 1 | K99: sextoco01
A100: Ivica Zubac | B100: IND | C100: 18893980 | D100: 20342140 | E100: 21790300 | I100: 61026420 | J100: 3 | K100: zubaciv01
...

Sheet Dead Cap
A1: Player | B1: Tm | C1: 2025-26 | D1: Dead Cap Owed | E1: bbref_id
A2: Damian Lillard | B2: POR | C2: 36620603 | D2: 27502800 | E2: lillada01
A3: Deandre Ayton | B3: LAL | C3: 33654814 | D3: 8104000 | E3: aytonde01
A4: Bradley Beal | B4: LAC | C4: 24737010 | D4: 5354000 | E4: bealbr01
A5: Marcus Smart | B5: LAL | C5: 19920855 | D5: 5134000 | E5: smartma01
A6: Blake Wesley | B6: POR | C6: 5643732 | D6: 2296274 | E6: weslebl01
A7: Cole Anthony | B7: PHO | C7: 5996274 | D7: 2296274 | E7: anthoco01
A8: Jordan Clarkson | B8: NYK | C8: 12947835 | D8: 2296274 | E8: clarkjo01
A9: Jevon Carter | B9: ORL | C9: 7680524 | D9: 871000 | E9: carteje01
A10: Kobe Bufkin | B10: LAL | C10: 5480297 | D10: 976577 | E10: bufkiko01
A11: Cam Thomas | B11: MIL | C11: 6837779 | D11: 844607 | E11: thomaca02
A12: Haywood Highsmith | B12: PHO | C12: 6443984 | D12: 1827984 | E12: highsha01
A13: Jeremy Sochan | B13: NYK | C13: 7874853 | D13: 778622 | E13: sochaje01
... A22: Dalano Banton | B22: BOS | C22: 263940 | D22: 131970 | E22: bantoda01

Sheet Team Payroll
A1: Team | B1: Players | C1: 2025-26 Payroll
A2: ATL | B2: =COUNTIF('Active Contracts'!B2:B493,A2) -> 18 | C2: =SUMIF('Active Contracts'!B2:B493,A2,'Active Contracts'!C2:C493) -> 186522162
A3: BOS | B3: =COUNTIF('Active Contracts'!B2:B493,A3) -> 14 | C3: =SUMIF('Active Contracts'!B2:B493,A3,'Active Contracts'!C2:C493) -> 189396596
A4: BRK | B4: =COUNTIF('Active Contracts'!B2:B493,A4) -> 25 | C4: =SUMIF('Active Contracts'!B2:B493,A4,'Active Contracts'!C2:C493) -> 156845832
A5: CHI | B5: =COUNTIF('Active Contracts'!B2:B493,A5) -> 16 | C5: =SUMIF('Active Contracts'!B2:B493,A5,'Active Contracts'!C2:C493) -> 183704631
A6: CHO | B6: =COUNTIF('Active Contracts'!B2:B493,A6) -> 18 | C6: =SUMIF('Active Contracts'!B2:B493,A6,'Active Contracts'!C2:C493) -> 183093722
A7: CLE | B7: =COUNTIF('Active Contracts'!B2:B493,A7) -> 16 | C7: =SUMIF('Active Contracts'!B2:B493,A7,'Active Contracts'!C2:C493) -> 212140929
A8: DAL | B8: =COUNTIF('Active Contracts'!B2:B493,A8) -> 17 | C8: =SUMIF('Active Contracts'!B2:B493,A8,'Active Contracts'!C2:C493) -> 182323774
A9: DEN | B9: =COUNTIF('Active Contracts'!B2:B493,A9) -> 14 | C9: =SUMIF('Active Contracts'!B2:B493,A9,'Active Contracts'!C2:C493) -> 186699349
A10: DET | B10: =COUNTIF('Active Contracts'!B2:B493,A10) -> 17 | C10: =SUMIF('Active Contracts'!B2:B493,A10,'Active Contracts'!C2:C493) -> 185911869
A11: GSW | B11: =COUNTIF('Active Contracts'!B2:B493,A11) -> 14 | C11: =SUMIF('Active Contracts'!B2:B493,A11,'Active Contracts'!C2:C493) -> 204744987
A12: HOU | B12: =COUNTIF('Active Contracts'!B2:B493,A12) -> 14 | C12: =SUMIF('Active Contracts'!B2:B493,A12,'Active Contracts'!C2:C493) -> 194689411
A13: IND | B13: =COUNTIF('Active Contracts'!B2:B493,A13) -> 21 | C13: =SUMIF('Active Contracts'!B2:B493,A13,'Active Contracts'!C2:C493) -> 187970232
A14: LAC | B14: =COUNTIF('Active Contracts'!B2:B493,A14) -> 15 | C14: =SUMIF('Active Contracts'!B2:B493,A14,'Active Contracts'!C2:C493) -> 184762914
A15: LAL | B15: =COUNTIF('Active Contracts'!B2:B493,A15) -> 12 | C15: =SUMIF('Active Contracts'!B2:B493,A15,'Active Contracts'!C2:C493) -> 181082805
A16: MEM | B16: =COUNTIF('Active Contracts'!B2:B493,A16) -> 22 | C16: =SUMIF('Active Contracts'!B2:B493,A16,'Active Contracts'!C2:C493) -> 158365629
A17: MIA | B17: =COUNTIF('Active Contracts'!B2:B493,A17) -> 15 | C17: =SUMIF('Active Contracts'!B2:B493,A17,'Active Contracts'!C2:C493) -> 186447146
A18: MIL | B18: =COUNTIF('Active Contracts'!B2:B493,A18) -> 19 | C18: =SUMIF('Active Contracts'!B2:B493,A18,'Active Contracts'!C2:C493) -> 192313116
A19: MIN | B19: =COUNTIF('Active Contracts'!B2:B493,A19) -> 13 | C19: =SUMIF('Active Contracts'!B2:B493,A19,'Active Contracts'!C2:C493) -> 192749338
A20: NOP | B20: =COUNTIF('Active Contracts'!B2:B493,A20) -> 17 | C20: =SUMIF('Active Contracts'!B2:B493,A20,'Active Contracts'!C2:C493) -> 187616561
A21: NYK | B21: =COUNTIF('Active Contracts'!B2:B493,A21) -> 13 | C21: =SUMIF('Active Contracts'!B2:B493,A21,'Active Contracts'!C2:C493) -> 204379368
A22: OKC | B22: =COUNTIF('Active Contracts'!B2:B493,A22) -> 16 | C22: =SUMIF('Active Contracts'!B2:B493,A22,'Active Contracts'!C2:C493) -> 187450150
A23: ORL | B23: =COUNTIF('Active Contracts'!B2:B493,A23) -> 13 | C23: =SUMIF('Active Contracts'!B2:B493,A23,'Active Contracts'!C2:C493) -> 186471232
A24: PHI | B24: =COUNTIF('Active Contracts'!B2:B493,A24) -> 17 | C24: =SUMIF('Active Contracts'!B2:B493,A24,'Active Contracts'!C2:C493) -> 193496208
A25: PHO | B25: =COUNTIF('Active Contracts'!B2:B493,A25) -> 16 | C25: =SUMIF('Active Contracts'!B2:B493,A25,'Active Contracts'!C2:C493) -> 188522668
A26: POR | B26: =COUNTIF('Active Contracts'!B2:B493,A26) -> 16 | C26: =SUMIF('Active Contracts'!B2:B493,A26,'Active Contracts'!C2:C493) -> 179025488
A27: SAC | B27: =COUNTIF('Active Contracts'!B2:B493,A27) -> 14 | C27: =SUMIF('Active Contracts'!B2:B493,A27,'Active Contracts'!C2:C493) -> 186219931
A28: SAS | B28: =COUNTIF('Active Contracts'!B2:B493,A28) -> 15 | C28: =SUMIF('Active Contracts'!B2:B493,A28,'Active Contracts'!C2:C493) -> 183013457
A29: TOR | B29: =COUNTIF('Active Contracts'!B2:B493,A29) -> 15 | C29: =SUMIF('Active Contracts'!B2:B493,A29,'Active Contracts'!C2:C493) -> 186565404
A30: Tm | B30: =COUNTIF('Active Contracts'!B2:B493,A30) -> 1 | C30: =SUMIF('Active Contracts'!B2:B493,A30,'Active Contracts'!C2:C493) -> 0
A31: UTA | B31: =COUNTIF('Active Contracts'!B2:B493,A31) -> 18 | C31: =SUMIF('Active Contracts'!B2:B493,A31,'Active Contracts'!C2:C493) -> 175065685
A32: WAS | B32: =COUNTIF('Active Contracts'!B2:B493,A32) -> 21 | C32: =SUMIF('Active Contracts'!B2:B493,A32,'Active Contracts'!C2:C493) -> 189893909
A33: TOTAL | B33: =SUM(B2:B32) -> 492 | C33: =SUM(C2:C32) -> 5597484503
